Date;Value Returns;Momentum Returns;Value-Momentum Spread;Regime;;;;;;;;
31.06.1926;;;;;;;;;;;;
30.07.1926;1.6%;-1.6%;3.3%;0;;;;;;;;
31.08.1926;-0.1%;2.5%;-2.6%;1;;;;;;;;
30.09.1926;1.1%;1.2%;-0.1%;1;;;;;;;;
29.10.1926;1.3%;1.3%;0.0%;0;;;;;;;;
30.11.1926;1.6%;0.7%;0.8%;0;;;;;;;;
31.12.1926;-1.7%;2.5%;-4.2%;1;;;;;;;;
31.01.1927;1.3%;0.9%;0.4%;0;;;;;;;;
28.02.1927;1.6%;0.0%;1.6%;0;;;;;;;;
31.03.1927;-3.1%;3.6%;-6.7%;1;;;;;;;;
29.04.1927;-2.0%;2.0%;-4.0%;1;;;;;;;;
31.05.1927;-2.5%;-0.7%;-1.7%;1;;;;;;;;
30.06.1927;-2.0%;-0.8%;-1.2%;1;;;;;;;;
29.07.1927;-0.9%;1.3%;-2.2%;1;;;;;;;;
31.08.1927;-0.8%;-0.5%;-0.3%;1;;;;;;;;
30.09.1927;0.8%;-1.9%;2.8%;0;;;;;;;;
31.10.1927;0.5%;-2.1%;2.5%;0;;;;;;;;
30.11.1927;-2.2%;1.8%;-4.0%;1;;;;;;;;
30.12.1927;-1.1%;2.4%;-3.4%;1;;;;;;;;
31.01.1928;-0.9%;2.3%;-3.2%;1;;;;;;;;
29.02.1928;-0.6%;-1.1%;0.4%;0;;;;;;;;
30.03.1928;-2.7%;3.4%;-6.1%;1;;;;;;;;
30.04.1928;0.3%;0.7%;-0.5%;1;;;;;;;;
31.05.1928;-0.3%;0.3%;-0.5%;1;;;;;;;;
29.06.1928;0.2%;1.1%;-0.9%;1;;;;;;;;
31.07.1928;1.8%;-2.7%;4.5%;0;;;;;;;;
31.08.1928;-1.2%;1.8%;-3.0%;1;;;;;;;;
28.09.1928;0.2%;0.8%;-0.7%;1;;;;;;;;
31.10.1928;-1.2%;1.0%;-2.3%;1;;;;;;;;
30.11.1928;0.5%;2.8%;-2.2%;1;;;;;;;;
31.12.1928;-0.8%;1.2%;-2.0%;1;;;;;;;;
31.01.1929;-3.5%;3.2%;-6.7%;1;;;;;;;;
28.02.1929;0.7%;0.2%;0.4%;0;;;;;;;;
29.03.1929;-0.1%;-0.1%;-0.1%;1;;;;;;;;
30.04.1929;-0.2%;0.1%;-0.4%;1;;;;;;;;
31.05.1929;0.9%;0.6%;0.3%;0;;;;;;;;
28.06.1929;-3.1%;2.7%;-5.7%;1;;;;;;;;
31.07.1929;2.2%;-1.4%;3.6%;0;;;;;;;;
30.08.1929;-1.1%;2.7%;-3.8%;1;;;;;;;;
30.09.1929;0.5%;1.3%;-0.8%;1;;;;;;;;
31.10.1929;4.6%;-2.6%;7.2%;0;;;;;;;;
29.11.1929;2.6%;-2.0%;4.5%;0;;;;;;;;
31.12.1929;-2.6%;2.9%;-5.5%;1;;;;;;;;
31.01.1930;0.3%;-2.2%;2.5%;0;;;;;;;;
28.02.1930;0.8%;-1.2%;2.0%;0;;;;;;;;
31.03.1930;-0.4%;0.2%;-0.6%;1;;;;;;;;
30.04.1930;-0.7%;0.6%;-1.3%;1;;;;;;;;
30.05.1930;-0.3%;0.3%;-0.6%;1;;;;;;;;
30.06.1930;-0.7%;1.9%;-2.6%;1;;;;;;;;
31.07.1930;-0.7%;-1.1%;0.5%;0;;;;;;;;
29.08.1930;-2.1%;0.3%;-2.5%;1;;;;;;;;
30.09.1930;0.5%;4.7%;-4.1%;1;;;;;;;;
31.10.1930;1.7%;0.6%;1.1%;0;;;;;;;;
28.11.1930;-0.8%;-0.8%;0.0%;1;;;;;;;;
31.12.1930;-0.9%;2.1%;-3.0%;1;;;;;;;;
30.01.1931;1.4%;-2.3%;3.7%;0;;;;;;;;
27.02.1931;1.5%;-1.9%;3.4%;0;;;;;;;;
31.03.1931;0.8%;0.8%;0.0%;1;;;;;;;;
30.04.1931;0.0%;3.1%;-3.0%;1;;;;;;;;
29.05.1931;-1.2%;1.7%;-2.9%;1;;;;;;;;
30.06.1931;4.1%;-7.4%;11.5%;0;;;;;;;;
31.07.1931;1.2%;4.7%;-3.5%;1;;;;;;;;
31.08.1931;-3.1%;0.3%;-3.4%;1;;;;;;;;
30.09.1931;-0.5%;4.5%;-5.0%;1;;;;;;;;
30.10.1931;1.6%;-5.1%;6.7%;0;;;;;;;;
30.11.1931;-3.1%;2.0%;-5.1%;1;;;;;;;;
31.12.1931;-3.3%;1.5%;-4.9%;1;;;;;;;;
29.01.1932;6.2%;-3.8%;10.1%;0;;;;;;;;
29.02.1932;1.1%;0.8%;0.3%;0;;;;;;;;
31.03.1932;-1.9%;3.5%;-5.4%;1;;;;;;;;
29.04.1932;-3.3%;3.4%;-6.7%;1;;;;;;;;
31.05.1932;-0.5%;7.1%;-7.6%;1;;;;;;;;
30.06.1932;5.6%;-5.0%;10.6%;0;;;;;;;;
29.07.1932;13.3%;-13.8%;27.1%;0;;;;;;;;
31.08.1932;13.4%;-12.3%;25.7%;0;;;;;;;;
30.09.1932;-1.8%;3.9%;-5.7%;1;;;;;;;;
31.10.1932;-1.0%;2.5%;-3.4%;1;;;;;;;;
30.11.1932;-4.0%;-1.2%;-2.8%;1;;;;;;;;
30.12.1932;1.2%;3.3%;-2.1%;1;;;;;;;;
31.01.1933;-0.4%;-1.1%;0.7%;0;;;;;;;;
28.02.1933;-3.0%;2.4%;-5.4%;1;;;;;;;;
31.03.1933;4.0%;-4.0%;8.0%;0;;;;;;;;
28.04.1933;5.4%;-3.5%;8.9%;0;;;;;;;;
31.05.1933;5.3%;-1.3%;6.6%;0;;;;;;;;
30.06.1933;2.3%;-6.2%;8.4%;0;;;;;;;;
31.07.1933;-1.9%;0.5%;-2.4%;1;;;;;;;;
31.08.1933;-0.6%;2.3%;-2.9%;1;;;;;;;;
29.09.1933;-1.3%;1.9%;-3.2%;1;;;;;;;;
31.10.1933;0.7%;-0.5%;1.2%;0;;;;;;;;
30.11.1933;0.0%;2.0%;-2.0%;1;;;;;;;;
29.12.1933;-0.5%;1.4%;-1.8%;1;;;;;;;;
31.01.1934;2.7%;-0.1%;2.7%;0;;;;;;;;
28.02.1934;2.6%;-4.0%;6.6%;0;;;;;;;;
30.03.1934;-1.9%;0.3%;-2.2%;1;;;;;;;;
30.04.1934;0.5%;-3.4%;3.9%;0;;;;;;;;
31.05.1934;-5.8%;-1.0%;-4.8%;1;;;;;;;;
29.06.1934;1.0%;-0.5%;1.5%;0;;;;;;;;
31.07.1934;-1.9%;0.9%;-2.8%;1;;;;;;;;
31.08.1934;2.1%;-2.9%;5.0%;0;;;;;;;;
28.09.1934;-0.5%;0.1%;-0.6%;1;;;;;;;;
31.10.1934;-0.1%;2.9%;-3.0%;1;;;;;;;;
30.11.1934;-0.6%;0.7%;-1.3%;1;;;;;;;;
31.12.1934;-1.3%;2.1%;-3.4%;1;;;;;;;;
31.01.1935;1.4%;1.2%;0.2%;0;;;;;;;;
28.02.1935;-1.7%;2.4%;-4.1%;1;;;;;;;;
29.03.1935;-0.7%;0.0%;-0.8%;1;;;;;;;;
30.04.1935;4.2%;-3.1%;7.2%;0;;;;;;;;
31.05.1935;1.1%;0.9%;0.3%;0;;;;;;;;
28.06.1935;-0.9%;3.1%;-4.0%;1;;;;;;;;
31.07.1935;-0.6%;1.8%;-2.4%;1;;;;;;;;
30.08.1935;-0.6%;2.0%;-2.6%;1;;;;;;;;
30.09.1935;-0.5%;1.6%;-2.1%;1;;;;;;;;
31.10.1935;0.6%;-0.5%;1.1%;0;;;;;;;;
29.11.1935;0.0%;-0.2%;0.2%;0;;;;;;;;
31.12.1935;0.4%;0.5%;-0.1%;1;;;;;;;;
31.01.1936;1.4%;-1.9%;3.4%;0;;;;;;;;
28.02.1936;0.4%;-0.5%;0.9%;0;;;;;;;;
31.03.1936;-0.5%;1.7%;-2.2%;1;;;;;;;;
30.04.1936;-0.3%;-3.4%;3.1%;0;;;;;;;;
29.05.1936;-2.6%;3.8%;-6.4%;1;;;;;;;;
30.06.1936;0.3%;0.0%;0.3%;0;;;;;;;;
31.07.1936;0.6%;1.9%;-1.2%;1;;;;;;;;
31.08.1936;0.0%;-0.1%;0.0%;0;;;;;;;;
30.09.1936;1.8%;-0.5%;2.3%;0;;;;;;;;
30.10.1936;4.9%;-2.1%;7.0%;0;;;;;;;;
30.11.1936;0.0%;0.2%;-0.1%;1;;;;;;;;
31.12.1936;1.6%;0.3%;1.3%;0;;;;;;;;
29.01.1937;1.3%;0.6%;0.7%;0;;;;;;;;
26.02.1937;-0.3%;0.4%;-0.7%;1;;;;;;;;
31.03.1937;-0.1%;0.2%;-0.2%;1;;;;;;;;
30.04.1937;-1.4%;-1.2%;-0.2%;1;;;;;;;;
31.05.1937;-1.0%;0.3%;-1.4%;1;;;;;;;;
30.06.1937;0.9%;0.2%;0.7%;0;;;;;;;;
30.07.1937;-1.7%;-1.9%;0.2%;0;;;;;;;;
31.08.1937;1.3%;0.9%;0.4%;0;;;;;;;;
30.09.1937;0.6%;-1.4%;2.0%;0;;;;;;;;
29.10.1937;1.4%;0.0%;1.5%;0;;;;;;;;
30.11.1937;1.4%;0.2%;1.1%;0;;;;;;;;
31.12.1937;-0.9%;2.2%;-3.1%;1;;;;;;;;
31.01.1938;0.1%;-0.6%;0.7%;0;;;;;;;;
28.02.1938;1.7%;-1.0%;2.7%;0;;;;;;;;
31.03.1938;-1.1%;5.4%;-6.4%;1;;;;;;;;
29.04.1938;-0.6%;-4.4%;3.9%;0;;;;;;;;
31.05.1938;0.1%;1.1%;-1.0%;1;;;;;;;;
30.06.1938;0.2%;-5.3%;5.5%;0;;;;;;;;
29.07.1938;-0.3%;-2.3%;2.0%;0;;;;;;;;
31.08.1938;0.1%;1.5%;-1.4%;1;;;;;;;;
30.09.1938;0.1%;0.4%;-0.3%;1;;;;;;;;
31.10.1938;0.2%;-0.8%;1.0%;0;;;;;;;;
30.11.1938;0.9%;0.4%;0.5%;0;;;;;;;;
30.12.1938;0.7%;0.8%;-0.1%;1;;;;;;;;
31.01.1939;0.0%;-1.5%;1.5%;0;;;;;;;;
28.02.1939;0.4%;2.0%;-1.5%;1;;;;;;;;
31.03.1939;0.4%;-0.5%;1.0%;0;;;;;;;;
28.04.1939;-0.5%;1.0%;-1.5%;1;;;;;;;;
31.05.1939;0.8%;1.8%;-0.9%;1;;;;;;;;
30.06.1939;0.8%;0.0%;0.7%;0;;;;;;;;
31.07.1939;-0.2%;0.6%;-0.8%;1;;;;;;;;
31.08.1939;-0.2%;1.0%;-1.1%;1;;;;;;;;
29.09.1939;2.6%;-2.2%;4.7%;0;;;;;;;;
31.10.1939;1.3%;2.2%;-1.0%;1;;;;;;;;
30.11.1939;0.7%;1.3%;-0.6%;1;;;;;;;;
29.12.1939;-1.1%;0.7%;-1.8%;1;;;;;;;;
31.01.1940;1.2%;3.6%;-2.4%;1;;;;;;;;
29.02.1940;-0.8%;1.1%;-1.9%;1;;;;;;;;
29.03.1940;-0.1%;1.5%;-1.6%;1;;;;;;;;
30.04.1940;0.9%;-1.0%;1.8%;0;;;;;;;;
31.05.1940;1.9%;-0.4%;2.2%;0;;;;;;;;
28.06.1940;0.5%;-1.2%;1.7%;0;;;;;;;;
31.07.1940;-2.1%;-0.1%;-2.0%;1;;;;;;;;
30.08.1940;0.1%;-3.1%;3.1%;0;;;;;;;;
30.09.1940;0.0%;-2.7%;2.7%;0;;;;;;;;
31.10.1940;0.4%;0.1%;0.2%;0;;;;;;;;
29.11.1940;-0.6%;1.1%;-1.7%;1;;;;;;;;
31.12.1940;0.2%;1.2%;-1.0%;1;;;;;;;;
31.01.1941;2.4%;-0.4%;2.8%;0;;;;;;;;
28.02.1941;-1.0%;1.1%;-2.1%;1;;;;;;;;
31.03.1941;-1.6%;1.3%;-2.9%;1;;;;;;;;
30.04.1941;-0.3%;1.5%;-1.8%;1;;;;;;;;
30.05.1941;0.1%;0.5%;-0.4%;1;;;;;;;;
30.06.1941;0.2%;-0.7%;0.9%;0;;;;;;;;
31.07.1941;2.1%;0.2%;1.9%;0;;;;;;;;
29.08.1941;-2.3%;3.5%;-5.8%;1;;;;;;;;
30.09.1941;-0.3%;0.6%;-0.9%;1;;;;;;;;
31.10.1941;0.2%;0.8%;-0.6%;1;;;;;;;;
28.11.1941;-1.1%;1.2%;-2.3%;1;;;;;;;;
31.12.1941;-1.0%;0.5%;-1.5%;1;;;;;;;;
30.01.1942;0.7%;1.8%;-1.0%;1;;;;;;;;
27.02.1942;-0.5%;0.9%;-1.4%;1;;;;;;;;
31.03.1942;-0.1%;0.8%;-0.9%;1;;;;;;;;
30.04.1942;0.1%;-0.5%;0.6%;0;;;;;;;;
29.05.1942;0.2%;-1.5%;1.7%;0;;;;;;;;
30.06.1942;0.0%;-0.2%;0.3%;0;;;;;;;;
31.07.1942;-0.6%;0.2%;-0.7%;1;;;;;;;;
31.08.1942;-0.6%;1.3%;-1.9%;1;;;;;;;;
30.09.1942;0.6%;-1.5%;2.0%;0;;;;;;;;
30.10.1942;1.2%;-1.8%;3.0%;0;;;;;;;;
30.11.1942;0.1%;-1.0%;1.1%;0;;;;;;;;
31.12.1942;0.5%;0.6%;-0.1%;1;;;;;;;;
29.01.1943;0.9%;0.5%;0.4%;0;;;;;;;;
26.02.1943;1.8%;-0.1%;1.9%;0;;;;;;;;
31.03.1943;0.1%;1.5%;-1.4%;1;;;;;;;;
30.04.1943;0.7%;-0.2%;0.9%;0;;;;;;;;
31.05.1943;-0.8%;0.4%;-1.2%;1;;;;;;;;
30.06.1943;-0.8%;-0.5%;-0.3%;1;;;;;;;;
30.07.1943;1.2%;-2.3%;3.5%;0;;;;;;;;
31.08.1943;2.1%;-1.2%;3.2%;0;;;;;;;;
30.09.1943;1.1%;0.1%;1.0%;0;;;;;;;;
29.10.1943;1.6%;0.8%;0.8%;0;;;;;;;;
30.11.1943;0.0%;-0.7%;0.6%;0;;;;;;;;
31.12.1943;-0.9%;2.2%;-3.1%;1;;;;;;;;
31.01.1944;-4.2%;-3.7%;-0.5%;1;;;;;;;;
29.02.1944;-4.5%;-4.8%;0.3%;0;;;;;;;;
31.03.1944;2.5%;0.3%;2.2%;0;;;;;;;;
28.04.1944;-5.0%;3.6%;-8.6%;1;;;;;;;;
31.05.1944;-2.7%;2.0%;-4.8%;1;;;;;;;;
30.06.1944;-2.3%;0.0%;-2.3%;1;;;;;;;;
31.07.1944;-0.3%;0.5%;-0.8%;1;;;;;;;;
31.08.1944;-0.5%;0.4%;-0.9%;1;;;;;;;;
29.09.1944;1.7%;-1.1%;2.8%;0;;;;;;;;
31.10.1944;-1.1%;1.0%;-2.2%;1;;;;;;;;
30.11.1944;0.6%;2.3%;-1.7%;1;;;;;;;;
29.12.1944;0.0%;2.8%;-2.8%;1;;;;;;;;
31.01.1945;1.6%;-1.0%;2.6%;0;;;;;;;;
28.02.1945;1.4%;0.9%;0.4%;0;;;;;;;;
30.03.1945;-0.5%;-2.6%;2.0%;0;;;;;;;;
30.04.1945;0.6%;1.1%;-0.4%;1;;;;;;;;
31.05.1945;6.5%;-3.2%;9.7%;0;;;;;;;;
29.06.1945;1.9%;3.9%;-2.0%;1;;;;;;;;
31.07.1945;0.6%;2.7%;-2.1%;1;;;;;;;;
31.08.1945;-0.1%;-0.6%;0.5%;0;;;;;;;;
28.09.1945;1.1%;-2.4%;3.5%;0;;;;;;;;
31.10.1945;-0.4%;-0.8%;0.3%;0;;;;;;;;
30.11.1945;4.2%;1.3%;2.9%;0;;;;;;;;
31.12.1945;-0.5%;1.2%;-1.6%;1;;;;;;;;
31.01.1946;1.2%;3.3%;-2.1%;1;;;;;;;;
28.02.1946;0.8%;-1.2%;1.9%;0;;;;;;;;
29.03.1946;1.9%;1.9%;0.0%;0;;;;;;;;
30.04.1946;0.0%;2.2%;-2.3%;1;;;;;;;;
31.05.1946;0.4%;-1.7%;2.2%;0;;;;;;;;
28.06.1946;0.7%;-2.0%;2.8%;0;;;;;;;;
31.07.1946;-0.2%;-0.5%;0.3%;0;;;;;;;;
30.08.1946;-0.1%;-1.3%;1.2%;0;;;;;;;;
30.09.1946;2.6%;-0.5%;3.1%;0;;;;;;;;
31.10.1946;2.3%;0.8%;1.6%;0;;;;;;;;
29.11.1946;0.0%;2.8%;-2.8%;1;;;;;;;;
31.12.1946;-3.4%;1.9%;-5.4%;1;;;;;;;;
31.01.1947;1.5%;-3.4%;4.9%;0;;;;;;;;
28.02.1947;-0.9%;-0.3%;-0.7%;1;;;;;;;;
31.03.1947;0.4%;3.6%;-3.3%;1;;;;;;;;
30.04.1947;-0.4%;4.2%;-4.6%;1;;;;;;;;
30.05.1947;0.2%;1.3%;-1.1%;1;;;;;;;;
30.06.1947;0.4%;-1.5%;1.9%;0;;;;;;;;
31.07.1947;1.5%;-2.1%;3.6%;0;;;;;;;;
29.08.1947;-0.6%;0.5%;-1.1%;1;;;;;;;;
30.09.1947;2.2%;0.2%;2.0%;0;;;;;;;;
31.10.1947;0.6%;-0.3%;0.8%;0;;;;;;;;
28.11.1947;0.3%;0.7%;-0.4%;1;;;;;;;;
31.12.1947;3.6%;0.6%;3.1%;0;;;;;;;;
30.01.1948;2.0%;-2.5%;4.6%;0;;;;;;;;
27.02.1948;1.3%;1.7%;-0.5%;1;;;;;;;;
31.03.1948;3.2%;1.2%;2.0%;0;;;;;;;;
30.04.1948;-2.1%;-0.2%;-1.9%;1;;;;;;;;
31.05.1948;-0.4%;-0.3%;-0.1%;1;;;;;;;;
30.06.1948;1.3%;1.7%;-0.4%;1;;;;;;;;
30.07.1948;-0.1%;0.0%;-0.1%;1;;;;;;;;
31.08.1948;-0.5%;-0.5%;0.0%;1;;;;;;;;
30.09.1948;-0.3%;0.1%;-0.4%;1;;;;;;;;
29.10.1948;-0.7%;0.4%;-1.1%;1;;;;;;;;
30.11.1948;-1.8%;0.9%;-2.7%;1;;;;;;;;
31.12.1948;-1.0%;0.4%;-1.4%;1;;;;;;;;
31.01.1949;-1.2%;0.6%;-1.8%;1;;;;;;;;
28.02.1949;-0.6%;-0.6%;0.0%;1;;;;;;;;
31.03.1949;0.9%;-0.8%;1.7%;0;;;;;;;;
29.04.1949;0.4%;0.5%;-0.1%;1;;;;;;;;
31.05.1949;-1.1%;1.4%;-2.5%;1;;;;;;;;
30.06.1949;0.1%;-1.4%;1.6%;0;;;;;;;;
29.07.1949;0.3%;-0.8%;1.1%;0;;;;;;;;
31.08.1949;-0.7%;0.4%;-1.1%;1;;;;;;;;
30.09.1949;0.9%;-0.7%;1.6%;0;;;;;;;;
31.10.1949;0.2%;-0.1%;0.3%;0;;;;;;;;
30.11.1949;0.8%;-0.7%;1.5%;0;;;;;;;;
30.12.1949;0.8%;-0.1%;1.0%;0;;;;;;;;
31.01.1950;2.6%;-0.4%;3.0%;0;;;;;;;;
28.02.1950;-0.3%;0.8%;-1.2%;1;;;;;;;;
31.03.1950;-0.1%;0.9%;-0.9%;1;;;;;;;;
28.04.1950;1.0%;1.6%;-0.6%;1;;;;;;;;
31.05.1950;1.1%;0.7%;0.5%;0;;;;;;;;
30.06.1950;-0.8%;0.2%;-1.0%;1;;;;;;;;
31.07.1950;4.5%;-1.5%;6.0%;0;;;;;;;;
31.08.1950;-2.0%;0.5%;-2.5%;1;;;;;;;;
29.09.1950;-1.0%;-0.1%;-0.9%;1;;;;;;;;
31.10.1950;1.0%;0.3%;0.7%;0;;;;;;;;
30.11.1950;1.2%;1.2%;0.0%;0;;;;;;;;
29.12.1950;2.0%;0.6%;1.4%;0;;;;;;;;
31.01.1951;0.2%;0.7%;-0.5%;1;;;;;;;;
28.02.1951;-0.2%;-0.4%;0.3%;0;;;;;;;;
30.03.1951;-1.3%;-0.5%;-0.8%;1;;;;;;;;
30.04.1951;0.1%;1.4%;-1.3%;1;;;;;;;;
31.05.1951;-0.3%;0.0%;-0.3%;1;;;;;;;;
29.06.1951;-1.8%;-1.9%;0.1%;0;;;;;;;;
31.07.1951;2.1%;1.9%;0.2%;0;;;;;;;;
31.08.1951;-0.2%;0.3%;-0.6%;1;;;;;;;;
28.09.1951;0.8%;0.9%;0.0%;1;;;;;;;;
31.10.1951;-0.4%;-0.8%;0.4%;0;;;;;;;;
30.11.1951;-0.4%;-0.9%;0.6%;0;;;;;;;;
31.12.1951;-1.6%;0.5%;-2.0%;1;;;;;;;;
31.01.1952;2.1%;1.2%;0.9%;0;;;;;;;;
29.02.1952;1.0%;0.0%;0.9%;0;;;;;;;;
31.03.1952;-0.5%;-0.2%;-0.3%;1;;;;;;;;
30.04.1952;0.0%;0.4%;-0.4%;1;;;;;;;;
30.05.1952;-2.0%;0.0%;-2.0%;1;;;;;;;;
30.06.1952;0.2%;1.7%;-1.4%;1;;;;;;;;
31.07.1952;0.6%;-1.2%;1.8%;0;;;;;;;;
29.08.1952;-0.7%;0.9%;-1.6%;1;;;;;;;;
30.09.1952;-0.3%;0.7%;-1.0%;1;;;;;;;;
31.10.1952;-0.4%;1.1%;-1.5%;1;;;;;;;;
28.11.1952;-1.0%;1.3%;-2.3%;1;;;;;;;;
31.12.1952;-0.6%;1.0%;-1.6%;1;;;;;;;;
30.01.1953;-1.1%;1.0%;-2.1%;1;;;;;;;;
27.02.1953;0.0%;0.6%;-0.7%;1;;;;;;;;
31.03.1953;0.7%;-0.2%;0.9%;0;;;;;;;;
30.04.1953;-0.2%;0.4%;-0.6%;1;;;;;;;;
29.05.1953;-0.1%;0.2%;-0.3%;1;;;;;;;;
30.06.1953;-0.1%;-0.1%;0.0%;1;;;;;;;;
31.07.1953;-1.4%;-0.1%;-1.3%;1;;;;;;;;
31.08.1953;0.0%;1.5%;-1.4%;1;;;;;;;;
30.09.1953;-0.2%;2.8%;-3.0%;1;;;;;;;;
30.10.1953;-0.1%;0.5%;-0.6%;1;;;;;;;;
30.11.1953;-0.8%;0.6%;-1.3%;1;;;;;;;;
31.12.1953;-0.5%;0.0%;-0.5%;1;;;;;;;;
29.01.1954;0.8%;-1.0%;1.8%;0;;;;;;;;
26.02.1954;0.0%;1.2%;-1.2%;1;;;;;;;;
31.03.1954;-0.9%;2.8%;-3.6%;1;;;;;;;;
30.04.1954;-2.4%;2.5%;-4.9%;1;;;;;;;;
31.05.1954;1.8%;-1.2%;3.0%;0;;;;;;;;
30.06.1954;-0.9%;0.2%;-1.1%;1;;;;;;;;
30.07.1954;-0.4%;1.4%;-1.8%;1;;;;;;;;
31.08.1954;1.6%;-1.3%;2.8%;0;;;;;;;;
30.09.1954;-0.2%;0.6%;-0.7%;1;;;;;;;;
29.10.1954;-0.1%;1.3%;-1.4%;1;;;;;;;;
30.11.1954;0.0%;0.9%;-0.9%;1;;;;;;;;
31.12.1954;1.3%;-1.0%;2.2%;0;;;;;;;;
31.01.1955;-0.5%;0.5%;-1.0%;1;;;;;;;;
28.02.1955;-0.2%;0.4%;-0.6%;1;;;;;;;;
31.03.1955;1.0%;0.4%;0.6%;0;;;;;;;;
29.04.1955;-0.8%;0.7%;-1.5%;1;;;;;;;;
31.05.1955;0.2%;0.5%;-0.3%;1;;;;;;;;
30.06.1955;0.1%;0.9%;-0.8%;1;;;;;;;;
29.07.1955;-0.2%;0.1%;-0.3%;1;;;;;;;;
31.08.1955;-0.6%;0.2%;-0.8%;1;;;;;;;;
30.09.1955;0.1%;0.0%;0.1%;0;;;;;;;;
31.10.1955;0.2%;-0.4%;0.7%;0;;;;;;;;
30.11.1955;0.1%;1.0%;-0.9%;1;;;;;;;;
30.12.1955;0.3%;0.2%;0.0%;0;;;;;;;;
31.01.1956;1.3%;0.9%;0.5%;0;;;;;;;;
29.02.1956;-0.2%;1.6%;-1.8%;1;;;;;;;;
30.03.1956;0.7%;1.0%;-0.3%;1;;;;;;;;
30.04.1956;0.4%;0.6%;-0.2%;1;;;;;;;;
31.05.1956;0.1%;-0.4%;0.5%;0;;;;;;;;
29.06.1956;-0.6%;0.3%;-0.9%;1;;;;;;;;
31.07.1956;0.7%;0.1%;0.6%;0;;;;;;;;
31.08.1956;0.5%;-0.8%;1.3%;0;;;;;;;;
28.09.1956;0.9%;0.5%;0.4%;0;;;;;;;;
31.10.1956;-0.2%;0.4%;-0.6%;1;;;;;;;;
30.11.1956;0.0%;2.5%;-2.5%;1;;;;;;;;
31.12.1956;-0.9%;0.4%;-1.3%;1;;;;;;;;
31.01.1957;1.7%;0.3%;1.4%;0;;;;;;;;
28.02.1957;-0.2%;-0.9%;0.7%;0;;;;;;;;
29.03.1957;0.1%;-0.4%;0.4%;0;;;;;;;;
30.04.1957;-0.6%;0.8%;-1.4%;1;;;;;;;;
31.05.1957;0.0%;0.0%;0.0%;0;;;;;;;;
28.06.1957;-1.1%;0.0%;-1.1%;1;;;;;;;;
31.07.1957;0.0%;1.5%;-1.5%;1;;;;;;;;
30.08.1957;0.9%;2.2%;-1.4%;1;;;;;;;;
30.09.1957;0.9%;-0.1%;1.0%;0;;;;;;;;
31.10.1957;-1.3%;1.4%;-2.7%;1;;;;;;;;
29.11.1957;-0.1%;0.4%;-0.4%;1;;;;;;;;
31.12.1957;-2.3%;1.4%;-3.8%;1;;;;;;;;
31.01.1958;2.6%;-2.3%;4.9%;0;;;;;;;;
28.02.1958;1.9%;-0.3%;2.2%;0;;;;;;;;
31.03.1958;2.6%;-0.7%;3.3%;0;;;;;;;;
30.04.1958;0.5%;0.3%;0.2%;0;;;;;;;;
30.05.1958;0.0%;-0.2%;0.2%;0;;;;;;;;
30.06.1958;1.7%;-1.2%;2.9%;0;;;;;;;;
31.07.1958;2.4%;-0.9%;3.2%;0;;;;;;;;
29.08.1958;0.9%;0.5%;0.5%;0;;;;;;;;
30.09.1958;1.0%;0.4%;0.5%;0;;;;;;;;
31.10.1958;-1.7%;-0.3%;-1.4%;1;;;;;;;;
28.11.1958;-0.5%;1.7%;-2.2%;1;;;;;;;;
31.12.1958;0.2%;1.0%;-0.8%;1;;;;;;;;
30.01.1959;1.2%;-1.4%;2.5%;0;;;;;;;;
27.02.1959;0.3%;1.5%;-1.1%;1;;;;;;;;
31.03.1959;-0.6%;1.1%;-1.7%;1;;;;;;;;
30.04.1959;-0.9%;0.3%;-1.2%;1;;;;;;;;
29.05.1959;-0.7%;0.5%;-1.2%;1;;;;;;;;
30.06.1959;-0.1%;2.2%;-2.2%;1;;;;;;;;
31.07.1959;-0.7%;0.6%;-1.3%;1;;;;;;;;
31.08.1959;-2.1%;1.5%;-3.6%;1;;;;;;;;
30.09.1959;0.0%;0.7%;-0.7%;1;;;;;;;;
30.10.1959;-2.3%;2.7%;-5.0%;1;;;;;;;;
30.11.1959;-2.4%;1.8%;-4.2%;1;;;;;;;;
31.12.1959;0.0%;0.8%;-0.8%;1;;;;;;;;
29.01.1960;1.7%;0.3%;1.3%;0;;;;;;;;
29.02.1960;-0.8%;0.8%;-1.6%;1;;;;;;;;
31.03.1960;-1.2%;-0.7%;-0.5%;1;;;;;;;;
29.04.1960;-1.2%;0.8%;-2.1%;1;;;;;;;;
31.05.1960;-0.7%;0.9%;-1.6%;1;;;;;;;;
30.06.1960;-0.9%;0.6%;-1.5%;1;;;;;;;;
29.07.1960;0.1%;-0.6%;0.7%;0;;;;;;;;
31.08.1960;-0.7%;1.1%;-1.8%;1;;;;;;;;
30.09.1960;0.8%;-0.1%;0.9%;0;;;;;;;;
31.10.1960;2.8%;-1.9%;4.7%;0;;;;;;;;
30.11.1960;0.6%;0.0%;0.6%;0;;;;;;;;
30.12.1960;-1.0%;0.8%;-1.9%;1;;;;;;;;
31.01.1961;1.6%;0.4%;1.2%;0;;;;;;;;
28.02.1961;0.0%;1.7%;-1.7%;1;;;;;;;;
31.03.1961;-0.4%;1.6%;-2.0%;1;;;;;;;;
28.04.1961;-0.2%;1.1%;-1.3%;1;;;;;;;;
31.05.1961;1.0%;-1.2%;2.2%;0;;;;;;;;
30.06.1961;-0.8%;-0.9%;0.1%;0;;;;;;;;
31.07.1961;-0.8%;-1.0%;0.1%;0;;;;;;;;
31.08.1961;1.0%;-0.1%;1.1%;0;;;;;;;;
29.09.1961;-0.7%;1.3%;-2.0%;1;;;;;;;;
31.10.1961;-0.5%;-0.1%;-0.4%;1;;;;;;;;
30.11.1961;-0.8%;1.7%;-2.5%;1;;;;;;;;
29.12.1961;-0.4%;0.3%;-0.6%;1;;;;;;;;
31.01.1962;1.9%;-1.6%;3.5%;0;;;;;;;;
28.02.1962;1.3%;-0.4%;1.7%;0;;;;;;;;
30.03.1962;-0.8%;1.1%;-1.9%;1;;;;;;;;
30.04.1962;0.1%;0.9%;-0.8%;1;;;;;;;;
31.05.1962;-0.7%;0.7%;-1.3%;1;;;;;;;;
29.06.1962;1.6%;0.9%;0.7%;0;;;;;;;;
31.07.1962;1.0%;-0.9%;1.9%;0;;;;;;;;
31.08.1962;-0.7%;-0.3%;-0.4%;1;;;;;;;;
28.09.1962;1.4%;2.3%;-0.9%;1;;;;;;;;
31.10.1962;0.1%;0.3%;-0.2%;1;;;;;;;;
30.11.1962;0.0%;-3.5%;3.5%;0;;;;;;;;
31.12.1962;-0.6%;1.9%;-2.5%;1;;;;;;;;
31.01.1963;3.3%;1.0%;2.3%;0;;;;;;;;
28.02.1963;0.7%;0.8%;-0.1%;1;;;;;;;;
29.03.1963;0.8%;-0.2%;1.0%;0;;;;;;;;
30.04.1963;0.4%;-0.2%;0.6%;0;;;;;;;;
31.05.1963;0.1%;-0.2%;0.3%;0;;;;;;;;
28.06.1963;-0.3%;0.3%;-0.5%;1;;;;;;;;
31.07.1963;0.5%;0.0%;0.4%;0;;;;;;;;
30.08.1963;-1.1%;0.5%;-1.5%;1;;;;;;;;
30.09.1963;1.2%;-0.2%;1.4%;0;;;;;;;;
31.10.1963;-0.1%;0.2%;-0.3%;1;;;;;;;;
29.11.1963;-0.7%;0.0%;-0.7%;1;;;;;;;;
31.12.1963;0.0%;1.5%;-1.5%;1;;;;;;;;
31.01.1964;1.0%;1.5%;-0.5%;1;;;;;;;;
28.02.1964;0.6%;1.1%;-0.5%;1;;;;;;;;
31.03.1964;1.5%;1.5%;0.0%;1;;;;;;;;
30.04.1964;0.9%;-0.9%;1.8%;0;;;;;;;;
29.05.1964;0.2%;0.5%;-0.3%;1;;;;;;;;
30.06.1964;-1.0%;1.4%;-2.3%;1;;;;;;;;
31.07.1964;-0.1%;0.5%;-0.6%;1;;;;;;;;
31.08.1964;0.0%;-0.9%;1.0%;0;;;;;;;;
30.09.1964;0.3%;-2.6%;2.9%;0;;;;;;;;
30.10.1964;0.5%;0.5%;0.0%;1;;;;;;;;
30.11.1964;-1.3%;0.2%;-1.5%;1;;;;;;;;
31.12.1964;-0.2%;0.3%;-0.5%;1;;;;;;;;
29.01.1965;-1.4%;1.1%;-2.5%;1;;;;;;;;
26.02.1965;1.0%;-0.2%;1.2%;0;;;;;;;;
31.03.1965;0.9%;0.6%;0.3%;0;;;;;;;;
30.04.1965;0.5%;-0.4%;0.9%;0;;;;;;;;
31.05.1965;-0.3%;0.0%;-0.3%;1;;;;;;;;
30.06.1965;0.1%;-0.6%;0.7%;0;;;;;;;;
30.07.1965;0.3%;1.4%;-1.2%;1;;;;;;;;
31.08.1965;0.2%;0.6%;-0.5%;1;;;;;;;;
30.09.1965;-0.5%;0.7%;-1.2%;1;;;;;;;;
29.10.1965;0.0%;-0.3%;0.3%;0;;;;;;;;
30.11.1965;0.0%;2.1%;-2.2%;1;;;;;;;;
31.12.1965;0.7%;0.8%;-0.1%;1;;;;;;;;
31.01.1966;0.7%;1.4%;-0.7%;1;;;;;;;;
28.02.1966;-0.1%;1.6%;-1.7%;1;;;;;;;;
31.03.1966;-0.4%;1.3%;-1.7%;1;;;;;;;;
29.04.1966;-1.0%;1.1%;-2.2%;1;;;;;;;;
31.05.1966;1.4%;0.1%;1.3%;0;;;;;;;;
30.06.1966;-0.6%;2.2%;-2.9%;1;;;;;;;;
29.07.1966;-0.3%;0.8%;-1.1%;1;;;;;;;;
31.08.1966;0.2%;1.1%;-0.9%;1;;;;;;;;
30.09.1966;1.1%;-1.3%;2.4%;0;;;;;;;;
31.10.1966;1.0%;-0.9%;1.9%;0;;;;;;;;
30.11.1966;-0.9%;1.3%;-2.2%;1;;;;;;;;
30.12.1966;1.1%;0.1%;1.1%;0;;;;;;;;
31.01.1967;-0.3%;-1.5%;1.2%;0;;;;;;;;
28.02.1967;-0.4%;-0.4%;0.0%;0;;;;;;;;
31.03.1967;1.1%;-1.2%;2.3%;0;;;;;;;;
28.04.1967;-0.5%;0.0%;-0.5%;1;;;;;;;;
31.05.1967;0.7%;-0.8%;1.4%;0;;;;;;;;
30.06.1967;-0.9%;2.5%;-3.4%;1;;;;;;;;
31.07.1967;0.8%;0.9%;-0.2%;1;;;;;;;;
31.08.1967;0.3%;-0.4%;0.8%;0;;;;;;;;
29.09.1967;0.0%;0.3%;-0.3%;1;;;;;;;;
31.10.1967;0.8%;1.4%;-0.6%;1;;;;;;;;
30.11.1967;-0.5%;2.3%;-2.9%;1;;;;;;;;
29.12.1967;-0.6%;0.6%;-1.2%;1;;;;;;;;
31.01.1968;1.9%;-1.6%;3.5%;0;;;;;;;;
29.02.1968;1.1%;-0.3%;1.4%;0;;;;;;;;
29.03.1968;-0.5%;0.9%;-1.4%;1;;;;;;;;
30.04.1968;-1.8%;1.1%;-2.9%;1;;;;;;;;
31.05.1968;-0.2%;2.1%;-2.3%;1;;;;;;;;
28.06.1968;0.1%;0.0%;0.1%;0;;;;;;;;
31.07.1968;1.5%;-0.8%;2.3%;0;;;;;;;;
30.08.1968;0.0%;0.3%;-0.3%;1;;;;;;;;
30.09.1968;0.6%;-1.2%;1.9%;0;;;;;;;;
31.10.1968;1.2%;-0.8%;2.0%;0;;;;;;;;
29.11.1968;0.4%;0.0%;0.4%;0;;;;;;;;
31.12.1968;-0.3%;0.5%;-0.9%;1;;;;;;;;
31.01.1969;0.0%;1.0%;-1.0%;1;;;;;;;;
28.02.1969;0.9%;-1.3%;2.1%;0;;;;;;;;
31.03.1969;-0.1%;0.3%;-0.4%;1;;;;;;;;
30.04.1969;0.6%;0.7%;-0.1%;1;;;;;;;;
30.05.1969;2.3%;1.2%;1.1%;0;;;;;;;;
30.06.1969;0.9%;0.3%;0.5%;0;;;;;;;;
31.07.1969;0.7%;0.7%;0.0%;1;;;;;;;;
29.08.1969;-0.9%;-0.3%;-0.6%;1;;;;;;;;
30.09.1969;0.0%;2.1%;-2.1%;1;;;;;;;;
31.10.1969;0.3%;-0.1%;0.4%;0;;;;;;;;
28.11.1969;-1.0%;0.1%;-1.0%;1;;;;;;;;
31.12.1969;0.7%;0.9%;-0.2%;1;;;;;;;;
30.01.1970;0.2%;1.2%;-1.0%;1;;;;;;;;
27.02.1970;-0.6%;-0.4%;-0.2%;1;;;;;;;;
31.03.1970;0.7%;0.1%;0.6%;0;;;;;;;;
30.04.1970;2.6%;0.2%;2.5%;0;;;;;;;;
29.05.1970;0.2%;-0.3%;0.5%;0;;;;;;;;
30.06.1970;-0.8%;0.7%;-1.5%;1;;;;;;;;
31.07.1970;-0.5%;-2.0%;1.4%;0;;;;;;;;
31.08.1970;1.3%;-2.7%;3.9%;0;;;;;;;;
30.09.1970;-0.2%;-1.0%;0.8%;0;;;;;;;;
30.10.1970;0.5%;2.3%;-1.8%;1;;;;;;;;
30.11.1970;-0.7%;0.7%;-1.5%;1;;;;;;;;
31.12.1970;1.7%;-0.2%;1.9%;0;;;;;;;;
29.01.1971;2.2%;0.0%;2.2%;0;;;;;;;;
26.02.1971;1.6%;-1.0%;2.5%;0;;;;;;;;
31.03.1971;-1.3%;0.0%;-1.3%;1;;;;;;;;
30.04.1971;2.5%;-0.4%;2.9%;0;;;;;;;;
31.05.1971;1.4%;-0.7%;2.0%;0;;;;;;;;
30.06.1971;0.5%;0.9%;-0.4%;1;;;;;;;;
30.07.1971;0.8%;0.4%;0.4%;0;;;;;;;;
31.08.1971;-0.8%;2.0%;-2.8%;1;;;;;;;;
30.09.1971;0.5%;1.7%;-1.2%;1;;;;;;;;
29.10.1971;1.7%;0.2%;1.6%;0;;;;;;;;
30.11.1971;-0.5%;0.6%;-1.1%;1;;;;;;;;
31.12.1971;-2.3%;0.7%;-3.0%;1;;;;;;;;
31.01.1972;0.4%;0.8%;-0.4%;1;;;;;;;;
29.02.1972;-0.9%;0.9%;-1.7%;1;;;;;;;;
31.03.1972;-0.7%;-0.2%;-0.5%;1;;;;;;;;
28.04.1972;-1.2%;0.4%;-1.5%;1;;;;;;;;
31.05.1972;1.3%;-0.4%;1.7%;0;;;;;;;;
30.06.1972;0.4%;0.2%;0.1%;0;;;;;;;;
31.07.1972;1.0%;-0.5%;1.5%;0;;;;;;;;
31.08.1972;0.9%;-0.9%;1.8%;0;;;;;;;;
29.09.1972;-0.1%;0.9%;-1.0%;1;;;;;;;;
31.10.1972;0.2%;0.3%;-0.1%;1;;;;;;;;
30.11.1972;0.0%;-1.3%;1.3%;0;;;;;;;;
29.12.1972;-2.6%;2.9%;-5.6%;1;;;;;;;;
31.01.1973;-0.9%;0.8%;-1.7%;1;;;;;;;;
28.02.1973;0.5%;2.0%;-1.5%;1;;;;;;;;
30.03.1973;0.8%;-1.1%;1.8%;0;;;;;;;;
30.04.1973;1.7%;-0.2%;1.9%;0;;;;;;;;
31.05.1973;-2.9%;3.8%;-6.7%;1;;;;;;;;
29.06.1973;1.6%;0.7%;0.9%;0;;;;;;;;
31.07.1973;-1.3%;-1.0%;-0.3%;1;;;;;;;;
31.08.1973;3.0%;0.8%;2.2%;0;;;;;;;;
28.09.1973;2.1%;-1.2%;3.3%;0;;;;;;;;
31.10.1973;-0.3%;0.1%;-0.3%;1;;;;;;;;
30.11.1973;-0.2%;2.1%;-2.4%;1;;;;;;;;
31.12.1973;0.3%;3.1%;-2.8%;1;;;;;;;;
31.01.1974;2.6%;-0.3%;2.9%;0;;;;;;;;
28.02.1974;-1.9%;1.9%;-3.8%;1;;;;;;;;
29.03.1974;2.0%;0.9%;1.1%;0;;;;;;;;
30.04.1974;-0.4%;1.8%;-2.2%;1;;;;;;;;
31.05.1974;-0.3%;-4.2%;3.9%;0;;;;;;;;
28.06.1974;1.8%;-1.1%;2.9%;0;;;;;;;;
31.07.1974;2.0%;1.0%;1.0%;0;;;;;;;;
30.08.1974;0.5%;1.8%;-1.3%;1;;;;;;;;
30.09.1974;1.4%;1.3%;0.2%;0;;;;;;;;
31.10.1974;-2.2%;1.3%;-3.5%;1;;;;;;;;
29.11.1974;0.1%;3.6%;-3.5%;1;;;;;;;;
31.12.1974;0.5%;1.3%;-0.7%;1;;;;;;;;
31.01.1975;8.1%;-5.4%;13.5%;0;;;;;;;;
28.02.1975;1.1%;-2.0%;3.2%;0;;;;;;;;
31.03.1975;1.8%;-1.7%;3.5%;0;;;;;;;;
30.04.1975;1.8%;-0.7%;2.5%;0;;;;;;;;
30.05.1975;0.7%;-0.1%;0.8%;0;;;;;;;;
30.06.1975;1.1%;0.4%;0.7%;0;;;;;;;;
31.07.1975;-0.2%;-1.3%;1.1%;0;;;;;;;;
29.08.1975;1.1%;0.7%;0.4%;0;;;;;;;;
30.09.1975;1.0%;1.8%;-0.8%;1;;;;;;;;
31.10.1975;0.0%;-0.8%;0.8%;0;;;;;;;;
28.11.1975;0.8%;0.8%;0.0%;1;;;;;;;;
31.12.1975;0.6%;1.5%;-1.0%;1;;;;;;;;
30.01.1976;-0.5%;0.9%;-1.4%;1;;;;;;;;
27.02.1976;1.4%;1.0%;0.4%;0;;;;;;;;
31.03.1976;-0.3%;1.7%;-2.0%;1;;;;;;;;
30.04.1976;0.9%;1.1%;-0.2%;1;;;;;;;;
31.05.1976;-0.4%;0.0%;-0.4%;1;;;;;;;;
30.06.1976;0.9%;-1.5%;2.4%;0;;;;;;;;
30.07.1976;0.6%;-0.2%;0.7%;0;;;;;;;;
31.08.1976;0.1%;1.7%;-1.6%;1;;;;;;;;
30.09.1976;0.2%;1.6%;-1.5%;1;;;;;;;;
29.10.1976;0.4%;2.1%;-1.7%;1;;;;;;;;
30.11.1976;2.4%;1.2%;1.2%;0;;;;;;;;
31.12.1976;2.0%;-0.1%;2.1%;0;;;;;;;;
31.01.1977;-1.3%;1.6%;-2.9%;1;;;;;;;;
28.02.1977;-0.3%;0.8%;-1.1%;1;;;;;;;;
31.03.1977;1.5%;1.4%;0.1%;0;;;;;;;;
29.04.1977;1.0%;1.6%;-0.6%;1;;;;;;;;
31.05.1977;-1.6%;1.1%;-2.7%;1;;;;;;;;
30.06.1977;0.4%;0.0%;0.4%;0;;;;;;;;
29.07.1977;0.8%;1.0%;-0.2%;1;;;;;;;;
31.08.1977;-0.3%;-0.1%;-0.3%;1;;;;;;;;
30.09.1977;0.2%;0.0%;0.2%;0;;;;;;;;
31.10.1977;0.7%;1.2%;-0.5%;1;;;;;;;;
30.11.1977;0.0%;0.1%;-0.1%;1;;;;;;;;
30.12.1977;0.5%;1.1%;-0.6%;1;;;;;;;;
31.01.1978;-0.4%;0.1%;-0.5%;1;;;;;;;;
28.02.1978;-0.1%;1.1%;-1.2%;1;;;;;;;;
31.03.1978;-0.6%;0.5%;-1.1%;1;;;;;;;;
28.04.1978;-0.8%;-1.1%;0.3%;0;;;;;;;;
31.05.1978;-0.1%;0.9%;-1.0%;1;;;;;;;;
30.06.1978;-1.5%;1.8%;-3.3%;1;;;;;;;;
31.07.1978;-1.0%;1.3%;-2.3%;1;;;;;;;;
31.08.1978;-0.2%;1.3%;-1.5%;1;;;;;;;;
29.09.1978;0.5%;-0.7%;1.1%;0;;;;;;;;
31.10.1978;0.6%;-1.3%;1.9%;0;;;;;;;;
30.11.1978;1.4%;-2.1%;3.6%;0;;;;;;;;
29.12.1978;-1.7%;2.7%;-4.4%;1;;;;;;;;
31.01.1979;1.9%;-0.4%;2.4%;0;;;;;;;;
28.02.1979;0.9%;-0.6%;1.5%;0;;;;;;;;
30.03.1979;1.6%;-0.6%;2.2%;0;;;;;;;;
30.04.1979;0.7%;0.9%;-0.2%;1;;;;;;;;
31.05.1979;0.0%;0.1%;-0.1%;1;;;;;;;;
29.06.1979;0.0%;0.1%;-0.2%;1;;;;;;;;
31.07.1979;1.0%;0.1%;0.9%;0;;;;;;;;
31.08.1979;0.0%;1.6%;-1.5%;1;;;;;;;;
28.09.1979;-2.5%;2.7%;-5.2%;1;;;;;;;;
31.10.1979;1.2%;1.4%;-0.2%;1;;;;;;;;
30.11.1979;-1.5%;2.6%;-4.1%;1;;;;;;;;
31.12.1979;-1.5%;1.1%;-2.6%;1;;;;;;;;
31.01.1980;-0.7%;3.3%;-4.0%;1;;;;;;;;
29.02.1980;-1.7%;2.7%;-4.4%;1;;;;;;;;
31.03.1980;2.3%;-4.7%;7.0%;0;;;;;;;;
30.04.1980;1.3%;-2.4%;3.7%;0;;;;;;;;
30.05.1980;0.3%;1.3%;-1.0%;1;;;;;;;;
30.06.1980;-0.2%;-0.4%;0.2%;0;;;;;;;;
31.07.1980;1.5%;-0.5%;2.0%;0;;;;;;;;
29.08.1980;-0.9%;0.8%;-1.7%;1;;;;;;;;
30.09.1980;-0.8%;1.9%;-2.8%;1;;;;;;;;
31.10.1980;0.8%;2.8%;-1.9%;1;;;;;;;;
28.11.1980;-0.4%;1.1%;-1.5%;1;;;;;;;;
31.12.1980;-0.3%;-0.6%;0.3%;0;;;;;;;;
30.01.1981;1.8%;1.9%;-0.1%;1;;;;;;;;
27.02.1981;1.7%;0.1%;1.7%;0;;;;;;;;
31.03.1981;-0.1%;0.1%;-0.2%;1;;;;;;;;
30.04.1981;0.6%;3.0%;-2.4%;1;;;;;;;;
29.05.1981;-1.6%;2.7%;-4.4%;1;;;;;;;;
30.06.1981;0.8%;1.5%;-0.7%;1;;;;;;;;
31.07.1981;1.6%;-1.9%;3.5%;0;;;;;;;;
31.08.1981;-0.1%;0.2%;-0.3%;1;;;;;;;;
30.09.1981;4.1%;-2.0%;6.1%;0;;;;;;;;
30.10.1981;1.0%;-0.7%;1.8%;0;;;;;;;;
30.11.1981;0.4%;-0.9%;1.3%;0;;;;;;;;
31.12.1981;0.5%;0.4%;0.1%;0;;;;;;;;
29.01.1982;0.3%;0.9%;-0.5%;1;;;;;;;;
26.02.1982;1.1%;1.5%;-0.4%;1;;;;;;;;
31.03.1982;0.7%;2.8%;-2.1%;1;;;;;;;;
30.04.1982;0.8%;-0.3%;1.1%;0;;;;;;;;
31.05.1982;-0.7%;2.1%;-2.8%;1;;;;;;;;
30.06.1982;-0.3%;0.5%;-0.8%;1;;;;;;;;
30.07.1982;-0.1%;1.3%;-1.3%;1;;;;;;;;
31.08.1982;1.0%;-0.1%;1.1%;0;;;;;;;;
30.09.1982;1.1%;2.1%;-1.0%;1;;;;;;;;
29.10.1982;2.5%;2.7%;-0.2%;1;;;;;;;;
30.11.1982;-0.2%;-0.3%;0.1%;0;;;;;;;;
31.12.1982;1.0%;0.5%;0.4%;0;;;;;;;;
31.01.1983;0.2%;-2.0%;2.2%;0;;;;;;;;
28.02.1983;1.4%;0.7%;0.6%;0;;;;;;;;
31.03.1983;1.8%;-0.9%;2.7%;0;;;;;;;;
29.04.1983;0.9%;0.9%;0.1%;0;;;;;;;;
31.05.1983;0.8%;-2.5%;3.3%;0;;;;;;;;
30.06.1983;-0.8%;0.6%;-1.4%;1;;;;;;;;
29.07.1983;0.9%;-1.8%;2.7%;0;;;;;;;;
31.08.1983;2.2%;-1.6%;3.9%;0;;;;;;;;
30.09.1983;1.7%;1.6%;0.2%;0;;;;;;;;
31.10.1983;1.3%;-2.1%;3.4%;0;;;;;;;;
30.11.1983;0.3%;0.8%;-0.5%;1;;;;;;;;
30.12.1983;0.8%;0.7%;0.0%;0;;;;;;;;
31.01.1984;1.5%;0.2%;1.2%;0;;;;;;;;
29.02.1984;1.8%;-2.2%;4.0%;0;;;;;;;;
30.03.1984;-0.7%;0.6%;-1.3%;1;;;;;;;;
30.04.1984;-0.9%;2.8%;-3.8%;1;;;;;;;;
31.05.1984;0.0%;1.2%;-1.2%;1;;;;;;;;
29.06.1984;0.4%;-0.5%;0.9%;0;;;;;;;;
31.07.1984;-0.2%;-0.4%;0.2%;0;;;;;;;;
31.08.1984;1.2%;-0.4%;1.6%;0;;;;;;;;
28.09.1984;0.4%;1.2%;-0.8%;1;;;;;;;;
31.10.1984;0.3%;0.8%;-0.5%;1;;;;;;;;
30.11.1984;0.5%;1.3%;-0.8%;1;;;;;;;;
31.12.1984;0.0%;2.3%;-2.2%;1;;;;;;;;
31.01.1985;0.1%;0.1%;0.0%;1;;;;;;;;
28.02.1985;-0.9%;1.5%;-2.4%;1;;;;;;;;
29.03.1985;2.4%;-0.8%;3.2%;0;;;;;;;;
30.04.1985;1.4%;1.1%;0.2%;0;;;;;;;;
31.05.1985;-0.7%;2.1%;-2.8%;1;;;;;;;;
28.06.1985;-0.1%;0.9%;-1.0%;1;;;;;;;;
31.07.1985;2.1%;-3.2%;5.3%;0;;;;;;;;
30.08.1985;0.3%;0.8%;-0.4%;1;;;;;;;;
30.09.1985;-0.7%;0.0%;-0.7%;1;;;;;;;;
31.10.1985;-0.4%;1.9%;-2.3%;1;;;;;;;;
29.11.1985;-0.1%;1.8%;-1.9%;1;;;;;;;;
31.12.1985;0.3%;-0.5%;0.8%;0;;;;;;;;
31.01.1986;0.0%;0.2%;-0.2%;1;;;;;;;;
28.02.1986;0.1%;2.3%;-2.2%;1;;;;;;;;
31.03.1986;-0.4%;1.3%;-1.8%;1;;;;;;;;
30.04.1986;-1.0%;2.7%;-3.7%;1;;;;;;;;
30.05.1986;-0.4%;-3.0%;2.6%;0;;;;;;;;
30.06.1986;-2.3%;0.7%;-3.1%;1;;;;;;;;
31.07.1986;-2.9%;2.8%;-5.7%;1;;;;;;;;
29.08.1986;1.7%;-2.1%;3.8%;0;;;;;;;;
30.09.1986;1.4%;-2.3%;3.7%;0;;;;;;;;
31.10.1986;-0.1%;-0.5%;0.5%;0;;;;;;;;
28.11.1986;0.7%;1.5%;-0.8%;1;;;;;;;;
31.12.1986;1.5%;-1.0%;2.5%;0;;;;;;;;
30.01.1987;1.3%;0.5%;0.8%;0;;;;;;;;
27.02.1987;-1.8%;0.7%;-2.5%;1;;;;;;;;
31.03.1987;0.6%;0.3%;0.3%;0;;;;;;;;
30.04.1987;-0.2%;0.3%;-0.4%;1;;;;;;;;
29.05.1987;1.7%;-0.8%;2.5%;0;;;;;;;;
30.06.1987;1.7%;-2.1%;3.7%;0;;;;;;;;
31.07.1987;0.0%;0.5%;-0.6%;1;;;;;;;;
31.08.1987;0.0%;0.9%;-0.8%;1;;;;;;;;
30.09.1987;0.6%;0.7%;-0.2%;1;;;;;;;;
30.10.1987;3.1%;-5.7%;8.8%;0;;;;;;;;
30.11.1987;-1.1%;0.2%;-1.3%;1;;;;;;;;
31.12.1987;-1.3%;0.0%;-1.2%;1;;;;;;;;
29.01.1988;1.3%;-1.0%;2.3%;0;;;;;;;;
29.02.1988;0.1%;-0.7%;0.8%;0;;;;;;;;
31.03.1988;-0.4%;0.7%;-1.1%;1;;;;;;;;
29.04.1988;-0.5%;1.1%;-1.6%;1;;;;;;;;
31.05.1988;0.4%;1.2%;-0.7%;1;;;;;;;;
30.06.1988;-0.1%;1.5%;-1.6%;1;;;;;;;;
29.07.1988;2.4%;-0.1%;2.4%;0;;;;;;;;
31.08.1988;0.2%;1.3%;-1.0%;1;;;;;;;;
30.09.1988;-0.4%;0.7%;-1.1%;1;;;;;;;;
31.10.1988;0.4%;-0.6%;1.0%;0;;;;;;;;
30.11.1988;0.9%;-0.1%;1.0%;0;;;;;;;;
30.12.1988;0.6%;-0.1%;0.8%;0;;;;;;;;
31.01.1989;0.0%;1.8%;-1.8%;1;;;;;;;;
28.02.1989;0.8%;-0.4%;1.2%;0;;;;;;;;
31.03.1989;0.3%;2.3%;-2.0%;1;;;;;;;;
28.04.1989;0.1%;0.8%;-0.7%;1;;;;;;;;
31.05.1989;-0.3%;0.7%;-1.0%;1;;;;;;;;
30.06.1989;1.1%;0.4%;0.6%;0;;;;;;;;
31.07.1989;-0.5%;0.5%;-1.0%;1;;;;;;;;
31.08.1989;0.7%;-0.5%;1.2%;0;;;;;;;;
29.09.1989;-0.5%;1.1%;-1.6%;1;;;;;;;;
31.10.1989;-0.6%;0.9%;-1.5%;1;;;;;;;;
30.11.1989;-0.7%;0.6%;-1.3%;1;;;;;;;;
29.12.1989;1.2%;1.7%;-0.5%;1;;;;;;;;
31.01.1990;0.7%;0.3%;0.4%;0;;;;;;;;
28.02.1990;0.4%;0.9%;-0.6%;1;;;;;;;;
30.03.1990;1.6%;0.2%;1.4%;0;;;;;;;;
30.04.1990;-0.6%;-1.7%;1.1%;0;;;;;;;;
31.05.1990;-1.4%;-0.5%;-0.9%;1;;;;;;;;
29.06.1990;0.5%;1.6%;-1.1%;1;;;;;;;;
31.07.1990;1.0%;2.7%;-1.8%;1;;;;;;;;
31.08.1990;2.1%;1.1%;1.1%;0;;;;;;;;
28.09.1990;1.9%;1.9%;0.0%;1;;;;;;;;
31.10.1990;-1.7%;-0.1%;-1.6%;1;;;;;;;;
30.11.1990;0.2%;0.7%;-0.5%;1;;;;;;;;
31.12.1990;-0.8%;-0.9%;0.1%;0;;;;;;;;
31.01.1991;0.4%;-0.7%;1.0%;0;;;;;;;;
28.02.1991;1.0%;-3.7%;4.7%;0;;;;;;;;
29.03.1991;-0.4%;-0.5%;0.0%;0;;;;;;;;
30.04.1991;0.6%;0.3%;0.3%;0;;;;;;;;
31.05.1991;0.0%;0.7%;-0.7%;1;;;;;;;;
28.06.1991;1.1%;1.1%;0.0%;0;;;;;;;;
31.07.1991;0.3%;0.6%;-0.4%;1;;;;;;;;
30.08.1991;-0.3%;1.7%;-1.9%;1;;;;;;;;
30.09.1991;-0.5%;0.3%;-0.7%;1;;;;;;;;
31.10.1991;-0.3%;1.3%;-1.6%;1;;;;;;;;
29.11.1991;0.3%;0.5%;-0.2%;1;;;;;;;;
31.12.1991;-1.0%;2.0%;-3.0%;1;;;;;;;;
31.01.1992;1.4%;-0.2%;1.7%;0;;;;;;;;
28.02.1992;0.6%;0.4%;0.2%;0;;;;;;;;
31.03.1992;1.2%;0.2%;1.0%;0;;;;;;;;
30.04.1992;1.9%;0.4%;1.5%;0;;;;;;;;
29.05.1992;-1.1%;1.3%;-2.5%;1;;;;;;;;
30.06.1992;-0.5%;2.7%;-3.2%;1;;;;;;;;
31.07.1992;-0.9%;2.7%;-3.5%;1;;;;;;;;
31.08.1992;-1.3%;1.1%;-2.4%;1;;;;;;;;
30.09.1992;-0.2%;1.2%;-1.5%;1;;;;;;;;
30.10.1992;1.1%;-1.5%;2.6%;0;;;;;;;;
30.11.1992;1.4%;-2.0%;3.4%;0;;;;;;;;
31.12.1992;0.8%;1.0%;-0.1%;1;;;;;;;;
29.01.1993;1.6%;0.8%;0.8%;0;;;;;;;;
26.02.1993;1.2%;1.9%;-0.8%;1;;;;;;;;
31.03.1993;1.2%;-0.3%;1.5%;0;;;;;;;;
30.04.1993;0.9%;-1.2%;2.1%;0;;;;;;;;
31.05.1993;-0.3%;-0.7%;0.3%;0;;;;;;;;
30.06.1993;1.2%;0.2%;1.0%;0;;;;;;;;
30.07.1993;1.8%;1.0%;0.9%;0;;;;;;;;
31.08.1993;0.1%;-0.4%;0.5%;0;;;;;;;;
30.09.1993;-0.6%;-1.1%;0.5%;0;;;;;;;;
29.10.1993;2.0%;1.8%;0.2%;0;;;;;;;;
30.11.1993;1.0%;-1.3%;2.3%;0;;;;;;;;
31.12.1993;1.2%;2.4%;-1.2%;1;;;;;;;;
31.01.1994;1.5%;0.6%;0.9%;0;;;;;;;;
28.02.1994;-0.2%;0.4%;-0.6%;1;;;;;;;;
31.03.1994;0.8%;-1.6%;2.4%;0;;;;;;;;
29.04.1994;1.1%;-0.7%;1.8%;0;;;;;;;;
31.05.1994;1.2%;-0.2%;1.4%;0;;;;;;;;
30.06.1994;-0.1%;-0.7%;0.6%;0;;;;;;;;
29.07.1994;1.4%;-0.2%;1.6%;0;;;;;;;;
31.08.1994;0.6%;0.7%;-0.1%;1;;;;;;;;
30.09.1994;-0.8%;1.4%;-2.2%;1;;;;;;;;
31.10.1994;0.0%;0.8%;-0.8%;1;;;;;;;;
30.11.1994;1.0%;0.1%;0.9%;0;;;;;;;;
30.12.1994;-0.1%;1.2%;-1.3%;1;;;;;;;;
31.01.1995;0.6%;-0.5%;1.1%;0;;;;;;;;
28.02.1995;-0.6%;0.4%;-1.0%;1;;;;;;;;
31.03.1995;-2.2%;0.5%;-2.7%;1;;;;;;;;
28.04.1995;0.9%;0.6%;0.3%;0;;;;;;;;
31.05.1995;0.7%;-0.5%;1.2%;0;;;;;;;;
30.06.1995;-0.1%;1.6%;-1.6%;1;;;;;;;;
31.07.1995;0.5%;-1.0%;1.4%;0;;;;;;;;
31.08.1995;0.9%;-1.5%;2.4%;0;;;;;;;;
29.09.1995;-0.9%;2.7%;-3.7%;1;;;;;;;;
31.10.1995;-0.7%;1.6%;-2.3%;1;;;;;;;;
30.11.1995;0.6%;0.4%;0.2%;0;;;;;;;;
29.12.1995;1.5%;-0.8%;2.3%;0;;;;;;;;
31.01.1996;0.8%;-1.9%;2.7%;0;;;;;;;;
29.02.1996;0.3%;0.2%;0.1%;0;;;;;;;;
29.03.1996;0.2%;0.4%;-0.3%;1;;;;;;;;
30.04.1996;0.6%;0.4%;0.3%;0;;;;;;;;
31.05.1996;0.1%;0.2%;-0.1%;1;;;;;;;;
28.06.1996;1.0%;0.8%;0.1%;0;;;;;;;;
31.07.1996;1.5%;-1.3%;2.8%;0;;;;;;;;
30.08.1996;0.2%;0.5%;-0.3%;1;;;;;;;;
30.09.1996;0.3%;2.4%;-2.1%;1;;;;;;;;
31.10.1996;1.5%;1.6%;-0.1%;1;;;;;;;;
29.11.1996;1.0%;0.9%;0.1%;0;;;;;;;;
31.12.1996;1.3%;1.4%;-0.1%;1;;;;;;;;
31.01.1997;0.0%;1.1%;-1.0%;1;;;;;;;;
28.02.1997;1.4%;-0.4%;1.8%;0;;;;;;;;
31.03.1997;0.8%;1.2%;-0.4%;1;;;;;;;;
30.04.1997;-0.2%;2.3%;-2.5%;1;;;;;;;;
30.05.1997;-0.8%;-0.9%;0.1%;0;;;;;;;;
30.06.1997;0.8%;1.4%;-0.6%;1;;;;;;;;
31.07.1997;-0.7%;2.9%;-3.6%;1;;;;;;;;
29.08.1997;0.2%;-1.2%;1.4%;0;;;;;;;;
30.09.1997;-0.3%;2.0%;-2.3%;1;;;;;;;;
31.10.1997;0.2%;-0.3%;0.6%;0;;;;;;;;
28.11.1997;-0.5%;1.7%;-2.3%;1;;;;;;;;
31.12.1997;-0.5%;1.5%;-1.9%;1;;;;;;;;
30.01.1998;0.4%;0.2%;0.2%;0;;;;;;;;
27.02.1998;1.0%;-0.3%;1.4%;0;;;;;;;;
31.03.1998;-0.1%;1.4%;-1.5%;1;;;;;;;;
30.04.1998;-0.3%;0.5%;-0.8%;1;;;;;;;;
29.05.1998;-0.2%;1.7%;-2.0%;1;;;;;;;;
30.06.1998;-1.0%;2.5%;-3.5%;1;;;;;;;;
31.07.1998;-1.1%;1.8%;-3.0%;1;;;;;;;;
31.08.1998;-0.8%;0.2%;-1.1%;1;;;;;;;;
30.09.1998;1.8%;-1.9%;3.7%;0;;;;;;;;
30.10.1998;0.6%;-2.3%;2.9%;0;;;;;;;;
30.11.1998;0.2%;0.5%;-0.3%;1;;;;;;;;
31.12.1998;-1.5%;3.2%;-4.7%;1;;;;;;;;
29.01.1999;-0.1%;0.7%;-0.8%;1;;;;;;;;
26.02.1999;0.4%;-0.5%;0.9%;0;;;;;;;;
31.03.1999;1.3%;-3.5%;4.8%;0;;;;;;;;
30.04.1999;2.9%;-3.3%;6.2%;0;;;;;;;;
31.05.1999;-0.3%;0.1%;-0.4%;1;;;;;;;;
30.06.1999;-0.3%;1.1%;-1.4%;1;;;;;;;;
30.07.1999;-1.2%;-0.5%;-0.7%;1;;;;;;;;
31.08.1999;-1.0%;0.6%;-1.5%;1;;;;;;;;
30.09.1999;-1.7%;1.1%;-2.8%;1;;;;;;;;
29.10.1999;-1.8%;1.7%;-3.5%;1;;;;;;;;
30.11.1999;-2.8%;4.1%;-6.9%;1;;;;;;;;
31.12.1999;-2.2%;3.3%;-5.4%;1;;;;;;;;
31.01.2000;-1.2%;1.3%;-2.5%;1;;;;;;;;
29.02.2000;-4.0%;3.2%;-7.2%;1;;;;;;;;
31.03.2000;1.5%;-2.2%;3.8%;0;;;;;;;;
28.04.2000;1.2%;-1.1%;2.3%;0;;;;;;;;
31.05.2000;-0.2%;-1.1%;0.9%;0;;;;;;;;
30.06.2000;-0.6%;1.2%;-1.8%;1;;;;;;;;
31.07.2000;1.7%;-0.4%;2.1%;0;;;;;;;;
31.08.2000;-1.6%;2.9%;-4.5%;1;;;;;;;;
29.09.2000;0.1%;-0.7%;0.7%;0;;;;;;;;
31.10.2000;0.5%;-0.3%;0.8%;0;;;;;;;;
30.11.2000;1.2%;-0.6%;1.8%;0;;;;;;;;
29.12.2000;1.8%;-0.5%;2.3%;0;;;;;;;;
31.01.2001;1.6%;-3.5%;5.1%;0;;;;;;;;
28.02.2001;1.8%;1.7%;0.2%;0;;;;;;;;
30.03.2001;0.3%;1.2%;-0.9%;1;;;;;;;;
30.04.2001;-0.4%;-1.9%;1.4%;0;;;;;;;;
31.05.2001;-0.2%;0.1%;-0.3%;1;;;;;;;;
29.06.2001;1.3%;1.5%;-0.2%;1;;;;;;;;
31.07.2001;1.1%;0.1%;1.0%;0;;;;;;;;
31.08.2001;0.4%;0.9%;-0.5%;1;;;;;;;;
28.09.2001;-1.4%;1.9%;-3.3%;1;;;;;;;;
31.10.2001;0.7%;-0.9%;1.5%;0;;;;;;;;
30.11.2001;1.8%;-2.3%;4.1%;0;;;;;;;;
31.12.2001;0.2%;-0.3%;0.4%;0;;;;;;;;
31.01.2002;0.8%;0.9%;-0.1%;1;;;;;;;;
28.02.2002;-0.9%;1.0%;-1.9%;1;;;;;;;;
29.03.2002;1.1%;-1.3%;2.4%;0;;;;;;;;
30.04.2002;-0.3%;0.7%;-1.0%;1;;;;;;;;
31.05.2002;1.1%;1.7%;-0.6%;1;;;;;;;;
28.06.2002;-1.0%;1.1%;-2.1%;1;;;;;;;;
31.07.2002;-0.1%;1.5%;-1.6%;1;;;;;;;;
30.08.2002;-0.3%;0.9%;-1.3%;1;;;;;;;;
30.09.2002;-1.3%;3.3%;-4.6%;1;;;;;;;;
31.10.2002;1.9%;-1.7%;3.6%;0;;;;;;;;
29.11.2002;1.6%;-1.5%;3.1%;0;;;;;;;;
31.12.2002;-1.6%;1.7%;-3.3%;1;;;;;;;;
31.01.2003;0.7%;0.6%;0.1%;0;;;;;;;;
28.02.2003;-1.1%;1.8%;-2.9%;1;;;;;;;;
31.03.2003;0.4%;-0.2%;0.6%;0;;;;;;;;
30.04.2003;1.3%;-2.4%;3.6%;0;;;;;;;;
30.05.2003;0.4%;0.7%;-0.4%;1;;;;;;;;
30.06.2003;1.2%;-0.8%;2.0%;0;;;;;;;;
31.07.2003;1.0%;-2.2%;3.2%;0;;;;;;;;
29.08.2003;0.5%;0.3%;0.2%;0;;;;;;;;
30.09.2003;-0.2%;-0.2%;0.0%;0;;;;;;;;
31.10.2003;0.8%;1.1%;-0.3%;1;;;;;;;;
28.11.2003;0.2%;-0.2%;0.4%;0;;;;;;;;
31.12.2003;0.0%;1.1%;-1.1%;1;;;;;;;;
30.01.2004;0.9%;0.4%;0.5%;0;;;;;;;;
27.02.2004;0.6%;1.2%;-0.6%;1;;;;;;;;
31.03.2004;-0.5%;-0.2%;-0.3%;1;;;;;;;;
30.04.2004;-0.3%;-1.5%;1.2%;0;;;;;;;;
31.05.2004;0.2%;-0.6%;0.8%;0;;;;;;;;
30.06.2004;0.2%;0.9%;-0.8%;1;;;;;;;;
30.07.2004;0.3%;1.0%;-0.7%;1;;;;;;;;
31.08.2004;0.9%;-0.1%;1.0%;0;;;;;;;;
30.09.2004;-0.5%;0.8%;-1.3%;1;;;;;;;;
29.10.2004;-0.3%;-0.5%;0.2%;0;;;;;;;;
30.11.2004;0.4%;0.7%;-0.4%;1;;;;;;;;
31.12.2004;0.1%;0.0%;0.1%;0;;;;;;;;
31.01.2005;0.2%;1.1%;-0.9%;1;;;;;;;;
28.02.2005;0.1%;0.3%;-0.2%;1;;;;;;;;
31.03.2005;-0.3%;1.0%;-1.3%;1;;;;;;;;
29.04.2005;0.5%;-0.5%;1.0%;0;;;;;;;;
31.05.2005;0.2%;0.4%;-0.2%;1;;;;;;;;
30.06.2005;0.3%;1.9%;-1.6%;1;;;;;;;;
29.07.2005;0.1%;0.2%;-0.1%;1;;;;;;;;
31.08.2005;-0.9%;1.4%;-2.3%;1;;;;;;;;
30.09.2005;-0.2%;1.3%;-1.6%;1;;;;;;;;
31.10.2005;0.2%;-0.5%;0.7%;0;;;;;;;;
30.11.2005;0.4%;0.2%;0.2%;0;;;;;;;;
30.12.2005;-0.3%;0.2%;-0.5%;1;;;;;;;;
31.01.2006;-0.5%;1.0%;-1.5%;1;;;;;;;;
28.02.2006;1.2%;-0.7%;1.9%;0;;;;;;;;
31.03.2006;-0.5%;0.5%;-1.0%;1;;;;;;;;
28.04.2006;-0.3%;0.9%;-1.2%;1;;;;;;;;
31.05.2006;0.6%;-0.8%;1.4%;0;;;;;;;;
30.06.2006;0.1%;-0.1%;0.2%;0;;;;;;;;
31.07.2006;0.6%;0.0%;0.6%;0;;;;;;;;
31.08.2006;0.5%;-0.6%;1.0%;0;;;;;;;;
29.09.2006;0.7%;-0.3%;1.0%;0;;;;;;;;
31.10.2006;0.2%;0.1%;0.0%;0;;;;;;;;
30.11.2006;-0.6%;-0.1%;-0.5%;1;;;;;;;;
29.12.2006;0.5%;1.4%;-0.9%;1;;;;;;;;
31.01.2007;-0.1%;0.3%;-0.4%;1;;;;;;;;
28.02.2007;0.2%;-0.2%;0.4%;0;;;;;;;;
30.03.2007;-0.5%;0.8%;-1.3%;1;;;;;;;;
30.04.2007;0.0%;1.1%;-1.2%;1;;;;;;;;
31.05.2007;0.3%;0.3%;0.0%;0;;;;;;;;
29.06.2007;-0.1%;0.6%;-0.6%;1;;;;;;;;
31.07.2007;-0.7%;0.7%;-1.4%;1;;;;;;;;
31.08.2007;-0.2%;-0.3%;0.0%;0;;;;;;;;
28.09.2007;-0.9%;2.6%;-3.5%;1;;;;;;;;
31.10.2007;-1.5%;1.6%;-3.1%;1;;;;;;;;
30.11.2007;-0.3%;0.4%;-0.7%;1;;;;;;;;
31.12.2007;-0.4%;1.8%;-2.2%;1;;;;;;;;
31.01.2008;2.0%;-2.7%;4.7%;0;;;;;;;;
29.02.2008;-1.7%;2.5%;-4.2%;1;;;;;;;;
31.03.2008;-0.6%;0.1%;-0.7%;1;;;;;;;;
30.04.2008;0.3%;0.0%;0.3%;0;;;;;;;;
30.05.2008;-1.5%;1.6%;-3.1%;1;;;;;;;;
30.06.2008;-2.6%;4.9%;-7.5%;1;;;;;;;;
31.07.2008;0.9%;-1.5%;2.3%;0;;;;;;;;
29.08.2008;1.7%;-1.2%;2.9%;0;;;;;;;;
30.09.2008;1.7%;-0.2%;1.9%;0;;;;;;;;
31.10.2008;0.7%;1.6%;-0.9%;1;;;;;;;;
28.11.2008;0.5%;2.0%;-1.5%;1;;;;;;;;
31.12.2008;0.1%;1.0%;-0.9%;1;;;;;;;;
30.01.2009;-0.4%;-0.2%;-0.1%;1;;;;;;;;
27.02.2009;-0.9%;0.4%;-1.4%;1;;;;;;;;
31.03.2009;2.6%;-4.3%;6.9%;0;;;;;;;;
30.04.2009;6.9%;-8.0%;14.9%;0;;;;;;;;
29.05.2009;1.0%;-3.9%;4.9%;0;;;;;;;;
30.06.2009;0.1%;-0.1%;0.2%;0;;;;;;;;
31.07.2009;1.7%;0.4%;1.2%;0;;;;;;;;
31.08.2009;0.8%;-1.1%;1.9%;0;;;;;;;;
30.09.2009;0.5%;-0.3%;0.9%;0;;;;;;;;
30.10.2009;-0.5%;1.0%;-1.5%;1;;;;;;;;
30.11.2009;-0.9%;0.6%;-1.4%;1;;;;;;;;
31.12.2009;1.1%;0.7%;0.4%;0;;;;;;;;
29.01.2010;0.8%;-1.6%;2.5%;0;;;;;;;;
26.02.2010;-0.7%;0.8%;-1.5%;1;;;;;;;;
31.03.2010;1.2%;2.7%;-1.6%;1;;;;;;;;
30.04.2010;0.3%;-0.1%;0.3%;0;;;;;;;;
31.05.2010;-0.7%;-1.9%;1.2%;0;;;;;;;;
30.06.2010;-0.2%;-1.5%;1.3%;0;;;;;;;;
30.07.2010;0.7%;-1.1%;1.8%;0;;;;;;;;
31.08.2010;-1.9%;2.4%;-4.3%;1;;;;;;;;
30.09.2010;-0.4%;0.5%;-0.9%;1;;;;;;;;
29.10.2010;0.1%;0.2%;0.0%;1;;;;;;;;
30.11.2010;-1.8%;2.4%;-4.2%;1;;;;;;;;
31.12.2010;-0.2%;0.4%;-0.6%;1;;;;;;;;
31.01.2011;1.8%;-2.1%;3.9%;0;;;;;;;;
28.02.2011;-0.5%;0.2%;-0.7%;1;;;;;;;;
31.03.2011;0.4%;0.7%;-0.3%;1;;;;;;;;
29.04.2011;-0.6%;0.8%;-1.4%;1;;;;;;;;
31.05.2011;-0.6%;1.1%;-1.7%;1;;;;;;;;
30.06.2011;0.5%;-0.8%;1.3%;0;;;;;;;;
29.07.2011;-2.2%;2.6%;-4.8%;1;;;;;;;;
31.08.2011;-1.1%;-0.2%;-0.9%;1;;;;;;;;
30.09.2011;0.8%;-1.7%;2.6%;0;;;;;;;;
31.10.2011;-0.8%;1.9%;-2.7%;1;;;;;;;;
30.11.2011;-2.0%;3.8%;-5.8%;1;;;;;;;;
30.12.2011;1.4%;-0.1%;1.5%;0;;;;;;;;
31.01.2012;0.8%;-2.3%;3.1%;0;;;;;;;;
29.02.2012;-0.1%;-2.0%;1.8%;0;;;;;;;;
30.03.2012;-0.1%;0.6%;-0.7%;1;;;;;;;;
30.04.2012;-1.5%;2.4%;-3.9%;1;;;;;;;;
31.05.2012;-1.0%;3.2%;-4.2%;1;;;;;;;;
29.06.2012;0.5%;-0.9%;1.4%;0;;;;;;;;
31.07.2012;-1.2%;2.5%;-3.7%;1;;;;;;;;
31.08.2012;0.8%;-2.2%;3.0%;0;;;;;;;;
28.09.2012;1.5%;-2.6%;4.1%;0;;;;;;;;
31.10.2012;0.8%;-0.3%;1.1%;0;;;;;;;;
30.11.2012;-0.1%;0.7%;-0.8%;1;;;;;;;;
31.12.2012;1.7%;-0.9%;2.7%;0;;;;;;;;
31.01.2013;0.5%;0.7%;-0.1%;1;;;;;;;;
28.02.2013;-1.0%;1.2%;-2.3%;1;;;;;;;;
29.03.2013;-0.6%;1.3%;-1.8%;1;;;;;;;;
30.04.2013;0.7%;1.7%;-1.0%;1;;;;;;;;
31.05.2013;0.8%;-0.9%;1.7%;0;;;;;;;;
28.06.2013;-0.4%;-0.5%;0.1%;0;;;;;;;;
31.07.2013;0.9%;1.2%;-0.3%;1;;;;;;;;
30.08.2013;1.1%;-0.1%;1.2%;0;;;;;;;;
30.09.2013;-0.3%;1.6%;-1.9%;1;;;;;;;;
31.10.2013;0.4%;0.6%;-0.2%;1;;;;;;;;
29.11.2013;-0.1%;2.3%;-2.4%;1;;;;;;;;
31.12.2013;-0.7%;1.9%;-2.6%;1;;;;;;;;
31.01.2014;0.8%;0.2%;0.6%;0;;;;;;;;
28.02.2014;0.1%;0.5%;-0.5%;1;;;;;;;;
31.03.2014;1.5%;-0.8%;2.3%;0;;;;;;;;
30.04.2014;1.6%;-1.0%;2.6%;0;;;;;;;;
30.05.2014;-0.3%;0.2%;-0.5%;1;;;;;;;;
30.06.2014;-0.1%;0.1%;-0.3%;1;;;;;;;;
31.07.2014;-0.4%;0.6%;-1.0%;1;;;;;;;;
29.08.2014;-0.5%;0.7%;-1.2%;1;;;;;;;;
30.09.2014;-1.6%;1.7%;-3.3%;1;;;;;;;;
31.10.2014;-0.4%;-0.2%;-0.1%;1;;;;;;;;
28.11.2014;-0.9%;1.3%;-2.2%;1;;;;;;;;
31.12.2014;0.1%;1.5%;-1.4%;1;;;;;;;;
30.01.2015;-1.3%;1.1%;-2.5%;1;;;;;;;;
27.02.2015;1.4%;-1.3%;2.7%;0;;;;;;;;
31.03.2015;-1.1%;2.3%;-3.3%;1;;;;;;;;
30.04.2015;2.2%;-3.6%;5.8%;0;;;;;;;;
29.05.2015;-1.6%;1.4%;-3.0%;1;;;;;;;;
30.06.2015;-0.3%;-0.5%;0.2%;0;;;;;;;;
31.07.2015;-1.8%;3.0%;-4.8%;1;;;;;;;;
31.08.2015;0.9%;-0.1%;1.0%;0;;;;;;;;
30.09.2015;-0.7%;0.9%;-1.6%;1;;;;;;;;
30.10.2015;0.5%;-0.7%;1.2%;0;;;;;;;;
30.11.2015;-1.4%;1.3%;-2.7%;1;;;;;;;;
31.12.2015;-1.2%;1.9%;-3.1%;1;;;;;;;;
29.01.2016;-0.3%;0.2%;-0.5%;1;;;;;;;;
29.02.2016;1.3%;-1.0%;2.3%;0;;;;;;;;
31.03.2016;1.3%;-1.6%;2.9%;0;;;;;;;;
29.04.2016;2.6%;-1.7%;4.3%;0;;;;;;;;
31.05.2016;-1.2%;0.4%;-1.6%;1;;;;;;;;
30.06.2016;0.6%;2.4%;-1.8%;1;;;;;;;;
29.07.2016;0.3%;0.1%;0.2%;0;;;;;;;;
31.08.2016;0.7%;-0.9%;1.6%;0;;;;;;;;
30.09.2016;0.0%;0.4%;-0.5%;1;;;;;;;;
31.10.2016;0.5%;-0.8%;1.2%;0;;;;;;;;
30.11.2016;-0.6%;-1.5%;0.9%;0;;;;;;;;
30.12.2016;0.9%;-1.7%;2.6%;0;;;;;;;;
31.01.2017;-0.2%;1.4%;-1.7%;1;;;;;;;;
28.02.2017;-0.4%;0.6%;-0.9%;1;;;;;;;;
31.03.2017;0.3%;-1.0%;1.3%;0;;;;;;;;
28.04.2017;0.0%;-1.2%;1.2%;0;;;;;;;;
31.05.2017;-0.4%;0.0%;-0.5%;1;;;;;;;;
30.06.2017;-0.1%;-0.4%;0.3%;0;;;;;;;;
31.07.2017;0.7%;0.5%;0.2%;0;;;;;;;;
31.08.2017;-0.4%;0.8%;-1.2%;1;;;;;;;;
29.09.2017;0.2%;0.5%;-0.3%;1;;;;;;;;
31.10.2017;-0.2%;0.9%;-1.2%;1;;;;;;;;
30.11.2017;0.2%;-0.1%;0.3%;0;;;;;;;;
29.12.2017;-0.3%;0.2%;-0.5%;1;;;;;;;;
31.01.2018;-0.3%;1.3%;-1.6%;1;;;;;;;;
28.02.2018;-0.1%;-0.6%;0.5%;0;;;;;;;;
30.03.2018;0.4%;0.0%;0.3%;0;;;;;;;;
30.04.2018;0.6%;0.2%;0.5%;0;;;;;;;;
31.05.2018;-0.7%;-0.5%;-0.3%;1;;;;;;;;
29.06.2018;-0.1%;-0.2%;0.1%;0;;;;;;;;
31.07.2018;0.3%;-0.2%;0.5%;0;;;;;;;;
31.08.2018;-0.5%;1.3%;-1.8%;1;;;;;;;;
28.09.2018;0.1%;0.2%;-0.1%;1;;;;;;;;
31.10.2018;0.3%;-0.3%;0.6%;0;;;;;;;;
30.11.2018;-0.6%;-2.3%;1.7%;0;;;;;;;;
31.12.2018;1.3%;0.0%;1.4%;0;;;;;;;;
31.01.2019;0.8%;-0.7%;1.6%;0;;;;;;;;
28.02.2019;0.3%;0.0%;0.3%;0;;;;;;;;
29.03.2019;-0.6%;0.7%;-1.3%;1;;;;;;;;
30.04.2019;0.8%;-0.5%;1.2%;0;;;;;;;;
31.05.2019;-0.4%;2.0%;-2.4%;1;;;;;;;;
28.06.2019;-0.2%;0.1%;-0.3%;1;;;;;;;;
31.07.2019;-1.0%;0.7%;-1.8%;1;;;;;;;;
30.08.2019;-0.8%;2.3%;-3.0%;1;;;;;;;;
30.09.2019;1.0%;-1.6%;2.6%;0;;;;;;;;
31.10.2019;0.4%;-0.3%;0.8%;0;;;;;;;;
29.11.2019;-0.2%;0.3%;-0.5%;1;;;;;;;;
31.12.2019;0.6%;-1.1%;1.7%;0;;;;;;;;
31.01.2020;-1.7%;2.8%;-4.5%;1;;;;;;;;
28.02.2020;0.7%;0.0%;0.8%;0;;;;;;;;
31.03.2020;-0.3%;2.4%;-2.7%;1;;;;;;;;
30.04.2020;-0.3%;-1.4%;1.1%;0;;;;;;;;
29.05.2020;0.4%;-0.7%;1.0%;0;;;;;;;;
30.06.2020;-0.2%;-0.6%;0.4%;0;;;;;;;;
31.07.2020;-1.3%;2.1%;-3.5%;1;;;;;;;;
31.08.2020;-0.1%;-0.8%;0.7%;0;;;;;;;;
30.09.2020;-0.8%;1.0%;-1.8%;1;;;;;;;;
30.10.2020;0.3%;-0.4%;0.7%;0;;;;;;;;
30.11.2020;2.5%;-4.6%;7.1%;0;;;;;;;;
31.12.2020;-0.6%;0.2%;-0.8%;1;;;;;;;;
29.01.2021;0.3%;-0.5%;0.7%;0;;;;;;;;
26.02.2021;1.6%;-2.9%;4.6%;0;;;;;;;;
31.03.2021;0.5%;-1.6%;2.1%;0;;;;;;;;
30.04.2021;-0.1%;0.8%;-0.9%;1;;;;;;;;
31.05.2021;0.9%;0.2%;0.7%;0;;;;;;;;
30.06.2021;-0.3%;-0.1%;-0.2%;1;;;;;;;;
30.07.2021;-0.5%;-0.7%;0.3%;0;;;;;;;;
31.08.2021;-0.1%;0.2%;-0.3%;1;;;;;;;;
30.09.2021;0.7%;1.0%;-0.2%;1;;;;;;;;
29.10.2021;-2.4%;1.1%;-3.5%;1;;;;;;;;
30.11.2021;-0.1%;-1.0%;0.9%;0;;;;;;;;
31.12.2021;0.4%;0.3%;0.1%;0;;;;;;;;
31.01.2022;2.7%;0.9%;1.8%;0;;;;;;;;
28.02.2022;-0.2%;-0.2%;0.0%;1;;;;;;;;
31.03.2022;-1.2%;1.5%;-2.7%;1;;;;;;;;
29.04.2022;0.9%;2.8%;-1.9%;1;;;;;;;;
31.05.2022;1.0%;1.0%;0.1%;0;;;;;;;;
30.06.2022;0.7%;0.7%;0.0%;0;;;;;;;;
29.07.2022;-1.6%;-0.8%;-0.8%;1;;;;;;;;
31.08.2022;1.3%;1.6%;-0.2%;1;;;;;;;;
30.09.2022;2.4%;0.0%;2.3%;0;;;;;;;;
31.10.2022;-1.5%;0.8%;-2.3%;1;;;;;;;;
30.11.2022;1.4%;-3.4%;4.8%;0;;;;;;;;
30.12.2022;2.1%;0.1%;2.0%;0;;;;;;;;
31.01.2023;1.1%;-2.9%;4.0%;0;;;;;;;;
28.02.2023;0.6%;0.8%;-0.2%;1;;;;;;;;
